[{"idconsulta":1,"nomevet":"Marcio","descricao":"Checkup do ano.","pet":2,"dataconsulta":"2025-07-18","img":"receita.png","ativo":1,"datetimeregistro":"2025-07-18 13:38:50","tipoconsultaid":1,"idtipoconsulta":1,"nome":"Atendimento"},{"idconsulta":2,"nomevet":"marcio","descricao":"Atendimento","pet":3,"dataconsulta":"2025-07-18","img":"receita2.png","ativo":1,"datetimeregistro":"2025-07-18 13:52:07","tipoconsultaid":1,"idtipoconsulta":1,"nome":"Atendimento"},{"idconsulta":7,"nomevet":"alberto","descricao":"teste deupload","pet":2,"dataconsulta":"2025-07-01","img":"4975249656_d38024eafb_b-865942549.jpg","ativo":1,"datetimeregistro":"2025-07-21 16:27:30","tipoconsultaid":1,"idtipoconsulta":1,"nome":"Atendimento"},{"idconsulta":8,"nomevet":"alberto","descricao":"vacina anti rabica.","pet":36,"dataconsulta":"2025-07-21","img":"mlzhlkbq1q2c1.jpg","ativo":1,"datetimeregistro":"2025-07-21 17:11:44","tipoconsultaid":2,"idtipoconsulta":2,"nome":"Vacina"}]