[{"idfoto":2,"idpet":2,"img":"gato-preto-balanco-GR-2238622803.jpg","ativo":1,"datetimeregistro":"2025-07-21 20:00:59"},{"idfoto":9,"idpet":3,"img":"f1.jpg","ativo":1,"datetimeregistro":"2025-07-24 15:36:12"},{"idfoto":10,"idpet":3,"img":"f2.jpg","ativo":1,"datetimeregistro":"2025-07-24 15:36:29"},{"idfoto":13,"idpet":3,"img":"f3.jpg","ativo":1,"datetimeregistro":"2025-07-24 15:37:05"},{"idfoto":14,"idpet":2,"img":"sal1.jpg","ativo":1,"datetimeregistro":"2025-07-24 15:38:11"},{"idfoto":15,"idpet":2,"img":"sal2.jpg","ativo":1,"datetimeregistro":"2025-07-24 15:38:24"}]