[{"idpet":36,"nome":"Carlos ","race":"SRV","tipo":"c\u00e3o","tutor":1,"bio":"UM CARAMELO AMARELO","imgperfil":"caramelo.png","nascimento":"2025-06-24","ativo":1,"datetimeregistro":"2025-07-13 19:51:50","perdido":0,"tipoid":2,"idtipo":2},{"idpet":2,"nome":"salem","race":"srv","tipo":"c\u00e3o","tutor":1,"bio":"Talvez n\u00e3o seja somente um gato e sim um brujo condenado a ser um gato por 100 anos.","imgperfil":"salem.jpg","nascimento":"1832-07-05","ativo":1,"datetimeregistro":"2025-06-28 10:13:48","perdido":0,"tipoid":2,"idtipo":2},{"idpet":3,"nome":"pedro","race":"caramelo","tipo":"c\u00e3o","tutor":1,"bio":"Pedro rouba chips, cuidado!!!!","imgperfil":"caramelo1.jpg","nascimento":"2022-03-23","ativo":1,"datetimeregistro":"2025-06-28 10:13:48","perdido":1,"tipoid":2,"idtipo":2},{"idpet":4,"nome":"cookie","race":"srv","tipo":"c\u00e3o","tutor":1,"bio":"Aparentemente a falta de uma orelha n\u00e3o \u00e9 problema.","imgperfil":"cao1.jpg","nascimento":"2016-07-13","ativo":1,"datetimeregistro":"2025-06-28 10:13:48","perdido":0,"tipoid":2,"idtipo":2}]